source_url,target_url,status_code,wix_full_url,wp_full_url
"/post/tennessee-ice-storm-damage-and-what-it-means-for-the-real-estate-market","/tennessee-ice-storm-damage-and-what-it-means-for-the-real-estate-market/",301,"https://www.tennesseecashforhomes.com/post/tennessee-ice-storm-damage-and-what-it-means-for-the-real-estate-market","https://nationcfh.wpcomstaging.com/2026/01/24/tennessee-ice-storm-damage-and-what-it-means-for-the-real-estate-market/"
"/post/zillow-is-lying-about-your-home-s-value-the-zestimate-does-not-determine-your-home-s-value","/zillow-is-lying-about-your-home-s-value-the-zestimate-does-not-determine-your-home-s-value/",301,"https://www.tennesseecashforhomes.com/post/zillow-is-lying-about-your-home-s-value-the-zestimate-does-not-determine-your-home-s-value","https://nationcfh.wpcomstaging.com/2026/01/24/zillow-is-lying-about-your-home-s-value-the-zestimate-does-not-determine-your-home-s-value/"
"/post/what-not-to-say-when-selling-a-house-avoid-these-common-seller-mistakes","/what-not-to-say-when-selling-a-house-avoid-these-common-seller-mistakes/",301,"https://www.tennesseecashforhomes.com/post/what-not-to-say-when-selling-a-house-avoid-these-common-seller-mistakes","https://nationcfh.wpcomstaging.com/2025/12/21/what-not-to-say-when-selling-a-house-avoid-these-common-seller-mistakes/"
"/post/do-i-have-to-pay-taxes-on-money-made-from-selling-my-home-a-guide-for-tennessee-homeowners","/do-i-have-to-pay-taxes-on-money-made-from-selling-my-home-a-guide-for-tennessee-homeowners/",301,"https://www.tennesseecashforhomes.com/post/do-i-have-to-pay-taxes-on-money-made-from-selling-my-home-a-guide-for-tennessee-homeowners","https://nationcfh.wpcomstaging.com/2025/12/21/do-i-have-to-pay-taxes-on-money-made-from-selling-my-home-a-guide-for-tennessee-homeowners/"
"/post/is-selling-your-home-for-cash-a-good-idea-a-complete-guide-for-tennessee-homeowners","/is-selling-your-home-for-cash-a-good-idea-a-complete-guide-for-tennessee-homeowners/",301,"https://www.tennesseecashforhomes.com/post/is-selling-your-home-for-cash-a-good-idea-a-complete-guide-for-tennessee-homeowners","https://nationcfh.wpcomstaging.com/2025/12/21/is-selling-your-home-for-cash-a-good-idea-a-complete-guide-for-tennessee-homeowners/"
"/post/how-to-know-when-selling-your-home-for-cash-makes-sense-in-2025","/how-to-know-when-selling-your-home-for-cash-makes-sense-in-2025/",301,"https://www.tennesseecashforhomes.com/post/how-to-know-when-selling-your-home-for-cash-makes-sense-in-2025","https://nationcfh.wpcomstaging.com/2025/12/04/how-to-know-when-selling-your-home-for-cash-makes-sense-in-2025/"
"/post/selling-a-house-after-a-failed-inspection-in-tennessee-your-guide-to-moving-forward","/selling-a-house-after-a-failed-inspection-in-tennessee-your-guide-to-moving-forward/",301,"https://www.tennesseecashforhomes.com/post/selling-a-house-after-a-failed-inspection-in-tennessee-your-guide-to-moving-forward","https://nationcfh.wpcomstaging.com/2025/08/08/selling-a-house-after-a-failed-inspection-in-tennessee-your-guide-to-moving-forward/"
"/post/selling-a-house-with-unpermitted-work-in-tennessee-a-complete-guide-to-your-options","/selling-a-house-with-unpermitted-work-in-tennessee-a-complete-guide-to-your-options/",301,"https://www.tennesseecashforhomes.com/post/selling-a-house-with-unpermitted-work-in-tennessee-a-complete-guide-to-your-options","https://nationcfh.wpcomstaging.com/2025/08/08/selling-a-house-with-unpermitted-work-in-tennessee-a-complete-guide-to-your-options/"
"/post/selling-your-tennessee-home-for-cash-how-the-seasons-impact-your-sale","/selling-your-tennessee-home-for-cash-how-the-seasons-impact-your-sale/",301,"https://www.tennesseecashforhomes.com/post/selling-your-tennessee-home-for-cash-how-the-seasons-impact-your-sale","https://nationcfh.wpcomstaging.com/2025/08/08/selling-your-tennessee-home-for-cash-how-the-seasons-impact-your-sale/"
"/post/what-happens-when-you-sell-a-home-in-pre-foreclosure-in-tennessee","/what-happens-when-you-sell-a-home-in-pre-foreclosure-in-tennessee/",301,"https://www.tennesseecashforhomes.com/post/what-happens-when-you-sell-a-home-in-pre-foreclosure-in-tennessee","https://nationcfh.wpcomstaging.com/2025/05/14/what-happens-when-you-sell-a-home-in-pre-foreclosure-in-tennessee/"
"/post/navigating-the-2025-tennessee-real-estate-market-a-comprehensive-guide-for-sellers","/navigating-the-2025-tennessee-real-estate-market-a-comprehensive-guide-for-sellers/",301,"https://www.tennesseecashforhomes.com/post/navigating-the-2025-tennessee-real-estate-market-a-comprehensive-guide-for-sellers","https://nationcfh.wpcomstaging.com/2025/05/14/navigating-the-2025-tennessee-real-estate-market-a-comprehensive-guide-for-sellers/"
"/post/what-happens-when-you-inherit-a-house-with-a-mortgage-in-tennessee","/what-happens-when-you-inherit-a-house-with-a-mortgage-in-tennessee/",301,"https://www.tennesseecashforhomes.com/post/what-happens-when-you-inherit-a-house-with-a-mortgage-in-tennessee","https://nationcfh.wpcomstaging.com/2025/05/13/what-happens-when-you-inherit-a-house-with-a-mortgage-in-tennessee/"
"/post/selling-your-house-for-cash-in-tennessee-a-comprehensive-guide-for-2025","/selling-your-house-for-cash-in-tennessee-a-comprehensive-guide-for-2025/",301,"https://www.tennesseecashforhomes.com/post/selling-your-house-for-cash-in-tennessee-a-comprehensive-guide-for-2025","https://nationcfh.wpcomstaging.com/2025/05/13/selling-your-house-for-cash-in-tennessee-a-comprehensive-guide-for-2025/"
"/post/selling-your-house-in-tennessee-in-2025-what-homeowners-need-to-know-for-a-successful-sale","/selling-your-house-in-tennessee-in-2025-what-homeowners-need-to-know-for-a-successful-sale/",301,"https://www.tennesseecashforhomes.com/post/selling-your-house-in-tennessee-in-2025-what-homeowners-need-to-know-for-a-successful-sale","https://nationcfh.wpcomstaging.com/2025/04/23/selling-your-house-in-tennessee-in-2025-what-homeowners-need-to-know-for-a-successful-sale/"
"/post/navigating-tennessee-s-2025-property-tax-changes-what-homeowners-need-to-know","/navigating-tennessee-s-2025-property-tax-changes-what-homeowners-need-to-know/",301,"https://www.tennesseecashforhomes.com/post/navigating-tennessee-s-2025-property-tax-changes-what-homeowners-need-to-know","https://nationcfh.wpcomstaging.com/2025/04/11/navigating-tennessee-s-2025-property-tax-changes-what-homeowners-need-to-know/"
"/post/selling-a-rental-property-with-problem-tenants-in-tennessee-what-landlords-need-to-know","/selling-a-rental-property-with-problem-tenants-in-tennessee-what-landlords-need-to-know/",301,"https://www.tennesseecashforhomes.com/post/selling-a-rental-property-with-problem-tenants-in-tennessee-what-landlords-need-to-know","https://nationcfh.wpcomstaging.com/2025/03/31/selling-a-rental-property-with-problem-tenants-in-tennessee-what-landlords-need-to-know/"
"/post/selling-a-house-with-structural-damage-in-tennessee-what-homeowners-need-to-know","/selling-a-house-with-structural-damage-in-tennessee-what-homeowners-need-to-know/",301,"https://www.tennesseecashforhomes.com/post/selling-a-house-with-structural-damage-in-tennessee-what-homeowners-need-to-know","https://nationcfh.wpcomstaging.com/2025/03/31/selling-a-house-with-structural-damage-in-tennessee-what-homeowners-need-to-know/"
"/post/selling-your-home-in-tennessee-understanding-market-trends-and-cash-sale-benefits","/selling-your-home-in-tennessee-understanding-market-trends-and-cash-sale-benefits/",301,"https://www.tennesseecashforhomes.com/post/selling-your-home-in-tennessee-understanding-market-trends-and-cash-sale-benefits","https://nationcfh.wpcomstaging.com/2025/02/23/selling-your-home-in-tennessee-understanding-market-trends-and-cash-sale-benefits/"
"/post/selling-your-home-due-to-financial-hardship-a-tennessee-homeowner-s-guide","/selling-your-home-due-to-financial-hardship-a-tennessee-homeowner-s-guide/",301,"https://www.tennesseecashforhomes.com/post/selling-your-home-due-to-financial-hardship-a-tennessee-homeowner-s-guide","https://nationcfh.wpcomstaging.com/2025/02/11/selling-your-home-due-to-financial-hardship-a-tennessee-homeowner-s-guide/"
"/post/selling-a-vacant-house-in-tennessee-challenges-solutions-and-how-to-simplify-the-process","/selling-a-vacant-house-in-tennessee-challenges-solutions-and-how-to-simplify-the-process/",301,"https://www.tennesseecashforhomes.com/post/selling-a-vacant-house-in-tennessee-challenges-solutions-and-how-to-simplify-the-process","https://nationcfh.wpcomstaging.com/2025/02/05/selling-a-vacant-house-in-tennessee-challenges-solutions-and-how-to-simplify-the-process/"
"/post/the-emotional-side-of-selling-your-home-what-tennessee-homeowners-should-know","/the-emotional-side-of-selling-your-home-what-tennessee-homeowners-should-know/",301,"https://www.tennesseecashforhomes.com/post/the-emotional-side-of-selling-your-home-what-tennessee-homeowners-should-know","https://nationcfh.wpcomstaging.com/2025/02/05/the-emotional-side-of-selling-your-home-what-tennessee-homeowners-should-know/"
"/post/selling-a-house-with-foundation-issues-in-tennessee-what-homeowners-need-to-know","/selling-a-house-with-foundation-issues-in-tennessee-what-homeowners-need-to-know/",301,"https://www.tennesseecashforhomes.com/post/selling-a-house-with-foundation-issues-in-tennessee-what-homeowners-need-to-know","https://nationcfh.wpcomstaging.com/2025/01/29/selling-a-house-with-foundation-issues-in-tennessee-what-homeowners-need-to-know/"
"/post/how-to-sell-your-house-fast-in-tennessee-insider-tips-for-a-quick-hassle-free-sale","/how-to-sell-your-house-fast-in-tennessee-insider-tips-for-a-quick-hassle-free-sale/",301,"https://www.tennesseecashforhomes.com/post/how-to-sell-your-house-fast-in-tennessee-insider-tips-for-a-quick-hassle-free-sale","https://nationcfh.wpcomstaging.com/2025/01/29/how-to-sell-your-house-fast-in-tennessee-insider-tips-for-a-quick-hassle-free-sale/"
"/post/selling-a-home-with-code-violations-a-guide-for-tennessee-homeowners","/selling-a-home-with-code-violations-a-guide-for-tennessee-homeowners/",301,"https://www.tennesseecashforhomes.com/post/selling-a-home-with-code-violations-a-guide-for-tennessee-homeowners","https://nationcfh.wpcomstaging.com/2025/01/06/selling-a-home-with-code-violations-a-guide-for-tennessee-homeowners/"
"/post/selling-a-house-in-probate-a-complete-guide-for-tennessee-homeowners","/selling-a-house-in-probate-a-complete-guide-for-tennessee-homeowners/",301,"https://www.tennesseecashforhomes.com/post/selling-a-house-in-probate-a-complete-guide-for-tennessee-homeowners","https://nationcfh.wpcomstaging.com/2025/01/06/selling-a-house-in-probate-a-complete-guide-for-tennessee-homeowners/"
"/post/selling-a-house-in-poor-condition-unlocking-the-value-of-as-is-sales","/selling-a-house-in-poor-condition-unlocking-the-value-of-as-is-sales/",301,"https://www.tennesseecashforhomes.com/post/selling-a-house-in-poor-condition-unlocking-the-value-of-as-is-sales","https://nationcfh.wpcomstaging.com/2024/12/31/selling-a-house-in-poor-condition-unlocking-the-value-of-as-is-sales/"
"/post/why-2025-is-the-best-year-to-sell-your-home-with-tennessee-cash-for-homes","/why-2025-is-the-best-year-to-sell-your-home-with-tennessee-cash-for-homes/",301,"https://www.tennesseecashforhomes.com/post/why-2025-is-the-best-year-to-sell-your-home-with-tennessee-cash-for-homes","https://nationcfh.wpcomstaging.com/2024/12/31/why-2025-is-the-best-year-to-sell-your-home-with-tennessee-cash-for-homes/"
"/post/how-to-sell-a-home-in-tennessee-fast-tips-for-2025","/how-to-sell-a-home-in-tennessee-fast-tips-for-2025/",301,"https://www.tennesseecashforhomes.com/post/how-to-sell-a-home-in-tennessee-fast-tips-for-2025","https://nationcfh.wpcomstaging.com/2024/12/25/how-to-sell-a-home-in-tennessee-fast-tips-for-2025/"
"/post/how-foreclosure-affects-your-credit-score-and-what-to-do-about-it","/how-foreclosure-affects-your-credit-score-and-what-to-do-about-it/",301,"https://www.tennesseecashforhomes.com/post/how-foreclosure-affects-your-credit-score-and-what-to-do-about-it","https://nationcfh.wpcomstaging.com/2024/12/21/how-foreclosure-affects-your-credit-score-and-what-to-do-about-it/"
"/post/selling-your-fire-damaged-home-for-cash-in-tennessee","/selling-your-fire-damaged-home-for-cash-in-tennessee/",301,"https://www.tennesseecashforhomes.com/post/selling-your-fire-damaged-home-for-cash-in-tennessee","https://nationcfh.wpcomstaging.com/2024/12/21/selling-your-fire-damaged-home-for-cash-in-tennessee/"
"/post/selling-a-hoarder-home-for-cash-a-step-by-step-guide-for-tennessee-homeowners","/selling-a-hoarder-home-for-cash-a-step-by-step-guide-for-tennessee-homeowners/",301,"https://www.tennesseecashforhomes.com/post/selling-a-hoarder-home-for-cash-a-step-by-step-guide-for-tennessee-homeowners","https://nationcfh.wpcomstaging.com/2024/12/21/selling-a-hoarder-home-for-cash-a-step-by-step-guide-for-tennessee-homeowners/"
"/post/top-reasons-homeowners-choose-cash-buyers-in-tennessee-over-realtors","/top-reasons-homeowners-choose-cash-buyers-in-tennessee-over-realtors/",301,"https://www.tennesseecashforhomes.com/post/top-reasons-homeowners-choose-cash-buyers-in-tennessee-over-realtors","https://nationcfh.wpcomstaging.com/2024/12/19/top-reasons-homeowners-choose-cash-buyers-in-tennessee-over-realtors/"
"/post/how-to-sell-your-house-fast-in-tennessee","/how-to-sell-your-house-fast-in-tennessee/",301,"https://www.tennesseecashforhomes.com/post/how-to-sell-your-house-fast-in-tennessee","https://nationcfh.wpcomstaging.com/2024/12/19/how-to-sell-your-house-fast-in-tennessee/"
"/post/the-hidden-costs-of-selling-your-home-the-traditional-way","/the-hidden-costs-of-selling-your-home-the-traditional-way/",301,"https://www.tennesseecashforhomes.com/post/the-hidden-costs-of-selling-your-home-the-traditional-way","https://nationcfh.wpcomstaging.com/2024/12/13/the-hidden-costs-of-selling-your-home-the-traditional-way/"
"/post/top-5-reasons-tennessee-homeowners-are-selling-for-cash-in-2025","/top-5-reasons-tennessee-homeowners-are-selling-for-cash-in-2025/",301,"https://www.tennesseecashforhomes.com/post/top-5-reasons-tennessee-homeowners-are-selling-for-cash-in-2025","https://nationcfh.wpcomstaging.com/2024/12/10/top-5-reasons-tennessee-homeowners-are-selling-for-cash-in-2025/"
"/post/should-i-sell-my-house-subject-to","/should-i-sell-my-house-subject-to/",301,"https://www.tennesseecashforhomes.com/post/should-i-sell-my-house-subject-to","https://nationcfh.wpcomstaging.com/2024/12/07/should-i-sell-my-house-subject-to/"
"/post/why-cash-for-homes-is-the-easiest-way-to-sell-your-property-in-tennessee","/why-cash-for-homes-is-the-easiest-way-to-sell-your-property-in-tennessee/",301,"https://www.tennesseecashforhomes.com/post/why-cash-for-homes-is-the-easiest-way-to-sell-your-property-in-tennessee","https://nationcfh.wpcomstaging.com/2024/10/12/why-cash-for-homes-is-the-easiest-way-to-sell-your-property-in-tennessee/"
"/post/the-pros-and-cons-of-selling-your-home-for-cash","/the-pros-and-cons-of-selling-your-home-for-cash/",301,"https://www.tennesseecashforhomes.com/post/the-pros-and-cons-of-selling-your-home-for-cash","https://nationcfh.wpcomstaging.com/2024/10/12/the-pros-and-cons-of-selling-your-home-for-cash/"
"/post/understanding-owner-financing-a-unique-way-to-sell-your-home","/understanding-owner-financing-a-unique-way-to-sell-your-home/",301,"https://www.tennesseecashforhomes.com/post/understanding-owner-financing-a-unique-way-to-sell-your-home","https://nationcfh.wpcomstaging.com/2024/08/11/understanding-owner-financing-a-unique-way-to-sell-your-home/"
"/post/managing-properties-with-large-liens","/managing-properties-with-large-liens/",301,"https://www.tennesseecashforhomes.com/post/managing-properties-with-large-liens","https://nationcfh.wpcomstaging.com/2024/05/29/managing-properties-with-large-liens/"
"/post/behind-on-mortgage-payments-a-homeowner-s-guide","/behind-on-mortgage-payments-a-homeowner-s-guide/",301,"https://www.tennesseecashforhomes.com/post/behind-on-mortgage-payments-a-homeowner-s-guide","https://nationcfh.wpcomstaging.com/2024/05/29/behind-on-mortgage-payments-a-homeowner-s-guide/"
"/post/navigating-bankruptcy-a-homeowner-s-guide","/navigating-bankruptcy-a-homeowner-s-guide/",301,"https://www.tennesseecashforhomes.com/post/navigating-bankruptcy-a-homeowner-s-guide","https://nationcfh.wpcomstaging.com/2024/05/29/navigating-bankruptcy-a-homeowner-s-guide/"
"/post/planning-to-upgrade-a-guide-for-homeowners","/planning-to-upgrade-a-guide-for-homeowners/",301,"https://www.tennesseecashforhomes.com/post/planning-to-upgrade-a-guide-for-homeowners","https://nationcfh.wpcomstaging.com/2024/05/29/planning-to-upgrade-a-guide-for-homeowners/"
"/post/challenges-of-needing-to-relocate","/challenges-of-needing-to-relocate/",301,"https://www.tennesseecashforhomes.com/post/challenges-of-needing-to-relocate","https://nationcfh.wpcomstaging.com/2024/05/29/challenges-of-needing-to-relocate/"
"/post/selling-an-inherited-property-for-cash","/selling-an-inherited-property-for-cash/",301,"https://www.tennesseecashforhomes.com/post/selling-an-inherited-property-for-cash","https://nationcfh.wpcomstaging.com/2024/05/29/selling-an-inherited-property-for-cash/"
"/post/downsizing-to-a-smaller-home-a-comprehensive-guide","/downsizing-to-a-smaller-home-a-comprehensive-guide/",301,"https://www.tennesseecashforhomes.com/post/downsizing-to-a-smaller-home-a-comprehensive-guide","https://nationcfh.wpcomstaging.com/2024/05/29/downsizing-to-a-smaller-home-a-comprehensive-guide/"
"/post/top-5-reasons-to-sell-your-home-to-a-cash-buyer-in-tennessee","/top-5-reasons-to-sell-your-home-to-a-cash-buyer-in-tennessee/",301,"https://www.tennesseecashforhomes.com/post/top-5-reasons-to-sell-your-home-to-a-cash-buyer-in-tennessee","https://nationcfh.wpcomstaging.com/2024/05/22/top-5-reasons-to-sell-your-home-to-a-cash-buyer-in-tennessee/"
"/post/navigating-the-tennessee-real-estate-market-a-guide-to-selling-your-home-fast","/navigating-the-tennessee-real-estate-market-a-guide-to-selling-your-home-fast/",301,"https://www.tennesseecashforhomes.com/post/navigating-the-tennessee-real-estate-market-a-guide-to-selling-your-home-fast","https://nationcfh.wpcomstaging.com/2024/05/22/navigating-the-tennessee-real-estate-market-a-guide-to-selling-your-home-fast/"
"/post/from-offer-to-closing-the-timeline-of-a-cash-home-sale-in-tennessee","/from-offer-to-closing-the-timeline-of-a-cash-home-sale-in-tennessee/",301,"https://www.tennesseecashforhomes.com/post/from-offer-to-closing-the-timeline-of-a-cash-home-sale-in-tennessee","https://nationcfh.wpcomstaging.com/2024/05/22/from-offer-to-closing-the-timeline-of-a-cash-home-sale-in-tennessee/"
"/post/high-interest-rates-why-now-is-the-right-time-to-sell-your-home","/high-interest-rates-why-now-is-the-right-time-to-sell-your-home/",301,"https://www.tennesseecashforhomes.com/post/high-interest-rates-why-now-is-the-right-time-to-sell-your-home","https://nationcfh.wpcomstaging.com/2024/05/22/high-interest-rates-why-now-is-the-right-time-to-sell-your-home/"
"/post/selling-a-distressed-property-for-fast-cash-a-comprehensive-guide","/selling-a-distressed-property-for-fast-cash-a-comprehensive-guide/",301,"https://www.tennesseecashforhomes.com/post/selling-a-distressed-property-for-fast-cash-a-comprehensive-guide","https://nationcfh.wpcomstaging.com/2024/05/22/selling-a-distressed-property-for-fast-cash-a-comprehensive-guide/"
"/post/why-selling-your-house-quickly-might-be-your-best-option","/why-selling-your-house-quickly-might-be-your-best-option/",301,"https://www.tennesseecashforhomes.com/post/why-selling-your-house-quickly-might-be-your-best-option","https://nationcfh.wpcomstaging.com/2024/05/22/why-selling-your-house-quickly-might-be-your-best-option/"
"/post/selling-your-home-without-a-realtor-in-tennessee-a-step-by-step-guide","/selling-your-home-without-a-realtor-in-tennessee-a-step-by-step-guide/",301,"https://www.tennesseecashforhomes.com/post/selling-your-home-without-a-realtor-in-tennessee-a-step-by-step-guide","https://nationcfh.wpcomstaging.com/2024/04/28/selling-your-home-without-a-realtor-in-tennessee-a-step-by-step-guide/"
"/post/understanding-the-tennessee-real-estate-market-trends-and-predictions","/understanding-the-tennessee-real-estate-market-trends-and-predictions/",301,"https://www.tennesseecashforhomes.com/post/understanding-the-tennessee-real-estate-market-trends-and-predictions","https://nationcfh.wpcomstaging.com/2024/04/28/understanding-the-tennessee-real-estate-market-trends-and-predictions/"
"/post/how-to-prepare-for-a-quick-home-sale-in-tennessee","/how-to-prepare-for-a-quick-home-sale-in-tennessee/",301,"https://www.tennesseecashforhomes.com/post/how-to-prepare-for-a-quick-home-sale-in-tennessee","https://nationcfh.wpcomstaging.com/2024/04/28/how-to-prepare-for-a-quick-home-sale-in-tennessee/"
"/post/renovating-a-house-tips-that-increase-home-value-in-tennessee","/renovating-a-house-tips-that-increase-home-value-in-tennessee/",301,"https://www.tennesseecashforhomes.com/post/renovating-a-house-tips-that-increase-home-value-in-tennessee","https://nationcfh.wpcomstaging.com/2024/04/28/renovating-a-house-tips-that-increase-home-value-in-tennessee/"
"/post/the-comprehensive-home-loan-guide-for-future-homeowners-in-tennessee","/the-comprehensive-home-loan-guide-for-future-homeowners-in-tennessee/",301,"https://www.tennesseecashforhomes.com/post/the-comprehensive-home-loan-guide-for-future-homeowners-in-tennessee","https://nationcfh.wpcomstaging.com/2024/04/07/the-comprehensive-home-loan-guide-for-future-homeowners-in-tennessee/"
"/post/navigating-probate-in-tennessee-a-simplified-guide","/navigating-probate-in-tennessee-a-simplified-guide/",301,"https://www.tennesseecashforhomes.com/post/navigating-probate-in-tennessee-a-simplified-guide","https://nationcfh.wpcomstaging.com/2024/04/07/navigating-probate-in-tennessee-a-simplified-guide/"
"/post/tennessee-title-transfer-for-cash-sales","/tennessee-title-transfer-for-cash-sales/",301,"https://www.tennesseecashforhomes.com/post/tennessee-title-transfer-for-cash-sales","https://nationcfh.wpcomstaging.com/2024/04/07/tennessee-title-transfer-for-cash-sales/"
"/post/understanding-residential-septic-systems-a-guide-for-tennessee-homeowners","/understanding-residential-septic-systems-a-guide-for-tennessee-homeowners/",301,"https://www.tennesseecashforhomes.com/post/understanding-residential-septic-systems-a-guide-for-tennessee-homeowners","https://nationcfh.wpcomstaging.com/2024/03/26/understanding-residential-septic-systems-a-guide-for-tennessee-homeowners/"
"/post/the-silent-killer-carbon-monoxide-in-tennessee-homes","/the-silent-killer-carbon-monoxide-in-tennessee-homes/",301,"https://www.tennesseecashforhomes.com/post/the-silent-killer-carbon-monoxide-in-tennessee-homes","https://nationcfh.wpcomstaging.com/2024/03/26/the-silent-killer-carbon-monoxide-in-tennessee-homes/"
"/post/mold-in-the-home-understanding-the-risks","/mold-in-the-home-understanding-the-risks/",301,"https://www.tennesseecashforhomes.com/post/mold-in-the-home-understanding-the-risks","https://nationcfh.wpcomstaging.com/2024/03/26/mold-in-the-home-understanding-the-risks/"
"/post/radon-in-the-house-the-invisible-threat-in-tennessee-homes","/radon-in-the-house-the-invisible-threat-in-tennessee-homes/",301,"https://www.tennesseecashforhomes.com/post/radon-in-the-house-the-invisible-threat-in-tennessee-homes","https://nationcfh.wpcomstaging.com/2024/03/26/radon-in-the-house-the-invisible-threat-in-tennessee-homes/"
"/post/asbestos-in-tennessee-homes-risks-removal-and-how-tennessee-cash-for-homes-can-help","/asbestos-in-tennessee-homes-risks-removal-and-how-tennessee-cash-for-homes-can-help/",301,"https://www.tennesseecashforhomes.com/post/asbestos-in-tennessee-homes-risks-removal-and-how-tennessee-cash-for-homes-can-help","https://nationcfh.wpcomstaging.com/2024/03/26/asbestos-in-tennessee-homes-risks-removal-and-how-tennessee-cash-for-homes-can-help/"
"/post/lead-paint-understanding-the-risks-and-taking-action","/lead-paint-understanding-the-risks-and-taking-action/",301,"https://www.tennesseecashforhomes.com/post/lead-paint-understanding-the-risks-and-taking-action","https://nationcfh.wpcomstaging.com/2024/03/25/lead-paint-understanding-the-risks-and-taking-action/"
"/post/the-difference-between-seller-financing-and-subject-to-a-comprehensive-guide-for-homeowner","/the-difference-between-seller-financing-and-subject-to-a-comprehensive-guide-for-homeowner/",301,"https://www.tennesseecashforhomes.com/post/the-difference-between-seller-financing-and-subject-to-a-comprehensive-guide-for-homeowner","https://nationcfh.wpcomstaging.com/2024/03/25/the-difference-between-seller-financing-and-subject-to-a-comprehensive-guide-for-homeowner/"
"/post/subject-to-deals-in-tennessee-a-comprehensive-guide","/subject-to-deals-in-tennessee-a-comprehensive-guide/",301,"https://www.tennesseecashforhomes.com/post/subject-to-deals-in-tennessee-a-comprehensive-guide","https://nationcfh.wpcomstaging.com/2024/03/25/subject-to-deals-in-tennessee-a-comprehensive-guide/"
"/post/the-cost-of-living-in-clarksville-tennessee","/the-cost-of-living-in-clarksville-tennessee/",301,"https://www.tennesseecashforhomes.com/post/the-cost-of-living-in-clarksville-tennessee","https://nationcfh.wpcomstaging.com/2024/03/22/the-cost-of-living-in-clarksville-tennessee/"
"/post/navigating-the-property-landscape-insights-into-clarksville-s-real-estate-market","/navigating-the-property-landscape-insights-into-clarksville-s-real-estate-market/",301,"https://www.tennesseecashforhomes.com/post/navigating-the-property-landscape-insights-into-clarksville-s-real-estate-market","https://nationcfh.wpcomstaging.com/2024/03/22/navigating-the-property-landscape-insights-into-clarksville-s-real-estate-market/"
"/post/navigating-the-financial-landscape-understanding-the-cost-of-living-in-murfreesboro-tennessee","/navigating-the-financial-landscape-understanding-the-cost-of-living-in-murfreesboro-tennessee/",301,"https://www.tennesseecashforhomes.com/post/navigating-the-financial-landscape-understanding-the-cost-of-living-in-murfreesboro-tennessee","https://nationcfh.wpcomstaging.com/2024/03/22/navigating-the-financial-landscape-understanding-the-cost-of-living-in-murfreesboro-tennessee/"
"/post/how-to-sell-a-house-with-water-damage-a-guide-for-tennessee-homeowners","/how-to-sell-a-house-with-water-damage-a-guide-for-tennessee-homeowners/",301,"https://www.tennesseecashforhomes.com/post/how-to-sell-a-house-with-water-damage-a-guide-for-tennessee-homeowners","https://nationcfh.wpcomstaging.com/2024/03/22/how-to-sell-a-house-with-water-damage-a-guide-for-tennessee-homeowners/"
"/post/repairing-tenant-damage","/repairing-tenant-damage/",301,"https://www.tennesseecashforhomes.com/post/repairing-tenant-damage","https://nationcfh.wpcomstaging.com/2024/03/22/repairing-tenant-damage/"
"/post/navigating-real-estate-decisions-selling-your-house-before-or-after-a-divorce","/navigating-real-estate-decisions-selling-your-house-before-or-after-a-divorce/",301,"https://www.tennesseecashforhomes.com/post/navigating-real-estate-decisions-selling-your-house-before-or-after-a-divorce","https://nationcfh.wpcomstaging.com/2024/03/21/navigating-real-estate-decisions-selling-your-house-before-or-after-a-divorce/"
"/post/the-difference-between-selling-your-house-with-an-agent-vs-selling-to-a-cash-buyer","/the-difference-between-selling-your-house-with-an-agent-vs-selling-to-a-cash-buyer/",301,"https://www.tennesseecashforhomes.com/post/the-difference-between-selling-your-house-with-an-agent-vs-selling-to-a-cash-buyer","https://nationcfh.wpcomstaging.com/2024/03/16/the-difference-between-selling-your-house-with-an-agent-vs-selling-to-a-cash-buyer/"
"/post/navigating-real-estate-transactions-with-promissory-notes-insights-from-tennessee-cash-for-homes","/navigating-real-estate-transactions-with-promissory-notes-insights-from-tennessee-cash-for-homes/",301,"https://www.tennesseecashforhomes.com/post/navigating-real-estate-transactions-with-promissory-notes-insights-from-tennessee-cash-for-homes","https://nationcfh.wpcomstaging.com/2024/03/14/navigating-real-estate-transactions-with-promissory-notes-insights-from-tennessee-cash-for-homes/"
"/post/relocating-after-selling-your-house-with-tennessee-cash-for-homes-a-comprehensive-guide","/relocating-after-selling-your-house-with-tennessee-cash-for-homes-a-comprehensive-guide/",301,"https://www.tennesseecashforhomes.com/post/relocating-after-selling-your-house-with-tennessee-cash-for-homes-a-comprehensive-guide","https://nationcfh.wpcomstaging.com/2024/03/14/relocating-after-selling-your-house-with-tennessee-cash-for-homes-a-comprehensive-guide/"
"/post/top-reasons-to-sell-your-house-for-cash-a-quick-and-hassle-free-guide","/top-reasons-to-sell-your-house-for-cash-a-quick-and-hassle-free-guide/",301,"https://www.tennesseecashforhomes.com/post/top-reasons-to-sell-your-house-for-cash-a-quick-and-hassle-free-guide","https://nationcfh.wpcomstaging.com/2024/03/12/top-reasons-to-sell-your-house-for-cash-a-quick-and-hassle-free-guide/"
"/post/top-10-home-improvements-to-boost-your-property-s-value-before-selling","/top-10-home-improvements-to-boost-your-property-s-value-before-selling/",301,"https://www.tennesseecashforhomes.com/post/top-10-home-improvements-to-boost-your-property-s-value-before-selling","https://nationcfh.wpcomstaging.com/2024/03/12/top-10-home-improvements-to-boost-your-property-s-value-before-selling/"
"/post/top-reasons-to-sell-your-distressed-house-to-a-cash-home-buyer-in-tennessee","/top-reasons-to-sell-your-distressed-house-to-a-cash-home-buyer-in-tennessee/",301,"https://www.tennesseecashforhomes.com/post/top-reasons-to-sell-your-distressed-house-to-a-cash-home-buyer-in-tennessee","https://nationcfh.wpcomstaging.com/2024/03/08/top-reasons-to-sell-your-distressed-house-to-a-cash-home-buyer-in-tennessee/"
"/post/selling-a-house-with-a-lien-in-tennessee-a-comprehensive-guide","/selling-a-house-with-a-lien-in-tennessee-a-comprehensive-guide/",301,"https://www.tennesseecashforhomes.com/post/selling-a-house-with-a-lien-in-tennessee-a-comprehensive-guide","https://nationcfh.wpcomstaging.com/2024/03/08/selling-a-house-with-a-lien-in-tennessee-a-comprehensive-guide/"
"/post/why-tennessee-cash-for-homes-is-your-best-choice-for-selling-ugly-houses","/why-tennessee-cash-for-homes-is-your-best-choice-for-selling-ugly-houses/",301,"https://www.tennesseecashforhomes.com/post/why-tennessee-cash-for-homes-is-your-best-choice-for-selling-ugly-houses","https://nationcfh.wpcomstaging.com/2024/03/08/why-tennessee-cash-for-homes-is-your-best-choice-for-selling-ugly-houses/"
"/post/the-professional-choice-we-buy-houses-in-tennessee","/the-professional-choice-we-buy-houses-in-tennessee/",301,"https://www.tennesseecashforhomes.com/post/the-professional-choice-we-buy-houses-in-tennessee","https://nationcfh.wpcomstaging.com/2024/03/07/the-professional-choice-we-buy-houses-in-tennessee/"
"/post/why-selling-your-house-for-cash-in-tennessee-is-the-smart-choice","/why-selling-your-house-for-cash-in-tennessee-is-the-smart-choice/",301,"https://www.tennesseecashforhomes.com/post/why-selling-your-house-for-cash-in-tennessee-is-the-smart-choice","https://nationcfh.wpcomstaging.com/2024/03/07/why-selling-your-house-for-cash-in-tennessee-is-the-smart-choice/"
"/post/the-role-of-junk-removal-services-in-streamlining-cash-home-sales-in-tennessee","/the-role-of-junk-removal-services-in-streamlining-cash-home-sales-in-tennessee/",301,"https://www.tennesseecashforhomes.com/post/the-role-of-junk-removal-services-in-streamlining-cash-home-sales-in-tennessee","https://nationcfh.wpcomstaging.com/2024/03/06/the-role-of-junk-removal-services-in-streamlining-cash-home-sales-in-tennessee/"
"/post/why-tennessee-homeowners-are-choosing-cash-sales-insights-from-tennessee-cash-for-homes","/why-tennessee-homeowners-are-choosing-cash-sales-insights-from-tennessee-cash-for-homes/",301,"https://www.tennesseecashforhomes.com/post/why-tennessee-homeowners-are-choosing-cash-sales-insights-from-tennessee-cash-for-homes","https://nationcfh.wpcomstaging.com/2024/03/05/why-tennessee-homeowners-are-choosing-cash-sales-insights-from-tennessee-cash-for-homes/"
"/post/the-digital-shift-how-online-home-searches-impact-homebuying","/the-digital-shift-how-online-home-searches-impact-homebuying/",301,"https://www.tennesseecashforhomes.com/post/the-digital-shift-how-online-home-searches-impact-homebuying","https://nationcfh.wpcomstaging.com/2024/03/05/the-digital-shift-how-online-home-searches-impact-homebuying/"
"/post/the-growing-trend-of-cash-home-sales-a-closer-look-at-the-numbers","/the-growing-trend-of-cash-home-sales-a-closer-look-at-the-numbers/",301,"https://www.tennesseecashforhomes.com/post/the-growing-trend-of-cash-home-sales-a-closer-look-at-the-numbers","https://nationcfh.wpcomstaging.com/2024/03/05/the-growing-trend-of-cash-home-sales-a-closer-look-at-the-numbers/"
"/post/how-to-identify-the-top-cash-home-buyers-in-murfreesboro-tn","/how-to-identify-the-top-cash-home-buyers-in-murfreesboro-tn/",301,"https://www.tennesseecashforhomes.com/post/how-to-identify-the-top-cash-home-buyers-in-murfreesboro-tn","https://nationcfh.wpcomstaging.com/2024/02/29/how-to-identify-the-top-cash-home-buyers-in-murfreesboro-tn/"
"/post/mortgage-interest-rates-how-to-plan-in-2024","/mortgage-interest-rates-how-to-plan-in-2024/",301,"https://www.tennesseecashforhomes.com/post/mortgage-interest-rates-how-to-plan-in-2024","https://nationcfh.wpcomstaging.com/2024/02/29/mortgage-interest-rates-how-to-plan-in-2024/"
"/post/inheriting-a-house-that-is-paid-off-what-you-need-to-know","/inheriting-a-house-that-is-paid-off-what-you-need-to-know/",301,"https://www.tennesseecashforhomes.com/post/inheriting-a-house-that-is-paid-off-what-you-need-to-know","https://nationcfh.wpcomstaging.com/2024/02/29/inheriting-a-house-that-is-paid-off-what-you-need-to-know/"
"/post/avoiding-common-home-selling-mistakes-a-comprehensive-guide-for-homeowners","/avoiding-common-home-selling-mistakes-a-comprehensive-guide-for-homeowners/",301,"https://www.tennesseecashforhomes.com/post/avoiding-common-home-selling-mistakes-a-comprehensive-guide-for-homeowners","https://nationcfh.wpcomstaging.com/2024/02/29/avoiding-common-home-selling-mistakes-a-comprehensive-guide-for-homeowners/"
"/post/the-modern-approach-to-property-sales-for-cash","/the-modern-approach-to-property-sales-for-cash/",301,"https://www.tennesseecashforhomes.com/post/the-modern-approach-to-property-sales-for-cash","https://nationcfh.wpcomstaging.com/2024/02/29/the-modern-approach-to-property-sales-for-cash/"
"/post/should-i-accept-a-cash-offer-for-my-house","/should-i-accept-a-cash-offer-for-my-house/",301,"https://www.tennesseecashforhomes.com/post/should-i-accept-a-cash-offer-for-my-house","https://nationcfh.wpcomstaging.com/2024/02/29/should-i-accept-a-cash-offer-for-my-house/"
"/post/selling-homes-as-is-condition","/selling-homes-as-is-condition/",301,"https://www.tennesseecashforhomes.com/post/selling-homes-as-is-condition","https://nationcfh.wpcomstaging.com/2024/02/29/selling-homes-as-is-condition/"
"/post/fair-cash-offer-for-your-home-which-route-to-take","/fair-cash-offer-for-your-home-which-route-to-take/",301,"https://www.tennesseecashforhomes.com/post/fair-cash-offer-for-your-home-which-route-to-take","https://nationcfh.wpcomstaging.com/2024/02/29/fair-cash-offer-for-your-home-which-route-to-take/"
"/post/process-of-selling-your-house-for-cash-what-it-looks-like","/process-of-selling-your-house-for-cash-what-it-looks-like/",301,"https://www.tennesseecashforhomes.com/post/process-of-selling-your-house-for-cash-what-it-looks-like","https://nationcfh.wpcomstaging.com/2024/02/29/process-of-selling-your-house-for-cash-what-it-looks-like/"
"/post/are-we-buy-homes-for-cash-legit","/are-we-buy-homes-for-cash-legit/",301,"https://www.tennesseecashforhomes.com/post/are-we-buy-homes-for-cash-legit","https://nationcfh.wpcomstaging.com/2024/02/29/are-we-buy-homes-for-cash-legit/"
"/post/how-to-sell-your-house-fast","/how-to-sell-your-house-fast/",301,"https://www.tennesseecashforhomes.com/post/how-to-sell-your-house-fast","https://nationcfh.wpcomstaging.com/2024/02/29/how-to-sell-your-house-fast/"
"/post/the-tennessee-foreclosure-process","/the-tennessee-foreclosure-process/",301,"https://www.tennesseecashforhomes.com/post/the-tennessee-foreclosure-process","https://nationcfh.wpcomstaging.com/2024/02/26/the-tennessee-foreclosure-process/"
"/post/sell-your-house-fast-for-cash-a-step-by-step-guide-for-success","/sell-your-house-fast-for-cash-a-step-by-step-guide-for-success/",301,"https://www.tennesseecashforhomes.com/post/sell-your-house-fast-for-cash-a-step-by-step-guide-for-success","https://nationcfh.wpcomstaging.com/2024/02/23/sell-your-house-fast-for-cash-a-step-by-step-guide-for-success/"
"/post/comparing-the-benefits-real-estate-agent-vs-direct-sale-for-your-property","/comparing-the-benefits-real-estate-agent-vs-direct-sale-for-your-property/",301,"https://www.tennesseecashforhomes.com/post/comparing-the-benefits-real-estate-agent-vs-direct-sale-for-your-property","https://nationcfh.wpcomstaging.com/2024/02/22/comparing-the-benefits-real-estate-agent-vs-direct-sale-for-your-property/"
"/post/tennessee-state-foreclosure-laws","/tennessee-state-foreclosure-laws/",301,"https://www.tennesseecashforhomes.com/post/tennessee-state-foreclosure-laws","https://nationcfh.wpcomstaging.com/2024/02/21/tennessee-state-foreclosure-laws/"
"/post/how-to-sell-your-house-for-cash","/how-to-sell-your-house-for-cash/",301,"https://www.tennesseecashforhomes.com/post/how-to-sell-your-house-for-cash","https://nationcfh.wpcomstaging.com/2024/02/21/how-to-sell-your-house-for-cash/"
"/post/why-tennessee-cash-for-homes-is-the-best-choice-for-selling-your-home-in-tennessee","/why-tennessee-cash-for-homes-is-the-best-choice-for-selling-your-home-in-tennessee/",301,"https://www.tennesseecashforhomes.com/post/why-tennessee-cash-for-homes-is-the-best-choice-for-selling-your-home-in-tennessee","https://nationcfh.wpcomstaging.com/2024/02/21/why-tennessee-cash-for-homes-is-the-best-choice-for-selling-your-home-in-tennessee/"