Title,Link
Why Tennessee Cash For Homes is the Best Choice for Selling Your Home in Tennessee,https://www.tennesseecashforhomes.com/post/why-tennessee-cash-for-homes-is-the-best-choice-for-selling-your-home-in-tennessee
How To Sell Your House For Cash,https://www.tennesseecashforhomes.com/post/how-to-sell-your-house-for-cash
Repairing Tenant Damage In Your Rental Property,https://www.tennesseecashforhomes.com/post/repairing-tenant-damage
Navigating Real Estate Decisions: Selling Your House Before or After a Divorce,https://www.tennesseecashforhomes.com/post/navigating-real-estate-decisions-selling-your-house-before-or-after-a-divorce
Knowing The Difference: Sell House Cash Buyer vs Agent,https://www.tennesseecashforhomes.com/post/the-difference-between-selling-your-house-with-an-agent-vs-selling-to-a-cash-buyer
Navigating Real Estate Transactions with Promissory Notes: Insights from Tennessee Cash For Homes,https://www.tennesseecashforhomes.com/post/navigating-real-estate-transactions-with-promissory-notes-insights-from-tennessee-cash-for-homes
Relocating After Selling Your House with Tennessee Cash For Homes: A Comprehensive Guide,https://www.tennesseecashforhomes.com/post/relocating-after-selling-your-house-with-tennessee-cash-for-homes-a-comprehensive-guide
Top Reasons To Sell Your House for Cash: A Quick and Hassle-Free Guide,https://www.tennesseecashforhomes.com/post/top-reasons-to-sell-your-house-for-cash-a-quick-and-hassle-free-guide
Top 10 Home Improvements to Increase Your Property's Value Before Selling,https://www.tennesseecashforhomes.com/post/top-10-home-improvements-to-boost-your-property-s-value-before-selling
Top Reasons to Sell Your Distressed House to a Cash Home Buyer in Tennessee,https://www.tennesseecashforhomes.com/post/top-reasons-to-sell-your-distressed-house-to-a-cash-home-buyer-in-tennessee
Selling a House with a Lien in Tennessee: A Comprehensive Guide,https://www.tennesseecashforhomes.com/post/selling-a-house-with-a-lien-in-tennessee-a-comprehensive-guide
Why Tennessee Cash For Homes is Your Best Choice for Selling Ugly Houses,https://www.tennesseecashforhomes.com/post/why-tennessee-cash-for-homes-is-your-best-choice-for-selling-ugly-houses
The Professional Choice: We Buy Houses in Tennessee,https://www.tennesseecashforhomes.com/post/the-professional-choice-we-buy-houses-in-tennessee
Why Selling Your House for Cash in Tennessee is the Smart Choice,https://www.tennesseecashforhomes.com/post/why-selling-your-house-for-cash-in-tennessee-is-the-smart-choice
The Role of Junk Removal Services in Streamlining Cash Home Sales in Tennessee,https://www.tennesseecashforhomes.com/post/the-role-of-junk-removal-services-in-streamlining-cash-home-sales-in-tennessee
Why Tennessee Homeowners Are Choosing Cash Sales: Insights from Tennessee Cash For Homes,https://www.tennesseecashforhomes.com/post/why-tennessee-homeowners-are-choosing-cash-sales-insights-from-tennessee-cash-for-homes
The Digital Shift: How Online Home Searches Impact Homebuying,https://www.tennesseecashforhomes.com/post/the-digital-shift-how-online-home-searches-impact-homebuying
The Growing Trend of Cash Home Sales: A Closer Look at the Numbers,https://www.tennesseecashforhomes.com/post/the-growing-trend-of-cash-home-sales-a-closer-look-at-the-numbers
"How to Identify the Top Cash Home Buyers in Murfreesboro, TN",https://www.tennesseecashforhomes.com/post/how-to-identify-the-top-cash-home-buyers-in-murfreesboro-tn
Mortgage Interest Rates: How to Plan in 2024?,https://www.tennesseecashforhomes.com/post/mortgage-interest-rates-how-to-plan-in-2024
Inheriting a House That is Paid Off: What You Need to Know,https://www.tennesseecashforhomes.com/post/inheriting-a-house-that-is-paid-off-what-you-need-to-know
Avoiding Common Home Selling Mistakes: A Comprehensive Guide for Homeowners,https://www.tennesseecashforhomes.com/post/avoiding-common-home-selling-mistakes-a-comprehensive-guide-for-homeowners
The Modern Approach to Property Sales For Cash,https://www.tennesseecashforhomes.com/post/the-modern-approach-to-property-sales-for-cash
Should I Accept a Cash Offer For My House,https://www.tennesseecashforhomes.com/post/should-i-accept-a-cash-offer-for-my-house
"Selling Homes ""As-Is"" Condition",https://www.tennesseecashforhomes.com/post/should-i-accept-a-cash-offer-for-my-house
Fair Cash Offer For Your Home: Which Route To Take,https://www.tennesseecashforhomes.com/post/fair-cash-offer-for-your-home-which-route-to-take
Process of Selling Your House for Cash: What It Looks Like,https://www.tennesseecashforhomes.com/post/process-of-selling-your-house-for-cash-what-it-looks-like
Are We Buy Homes For Cash Legit,https://www.tennesseecashforhomes.com/post/are-we-buy-homes-for-cash-legit
How To Sell Your House Fast,https://www.tennesseecashforhomes.com/post/how-to-sell-your-house-fast
The Tennessee Foreclosure Process,https://www.tennesseecashforhomes.com/post/the-tennessee-foreclosure-process
Sell Your House Fast for Cash: A Step-by-Step Guide for Success,https://www.tennesseecashforhomes.com/post/sell-your-house-fast-for-cash-a-step-by-step-guide-for-success
Comparing the Benefits: Real Estate Agent vs. Direct Sale for Your Property,https://www.tennesseecashforhomes.com/post/comparing-the-benefits-real-estate-agent-vs-direct-sale-for-your-property
Tennessee State Foreclosure Laws,https://www.tennesseecashforhomes.com/post/tennessee-state-foreclosure-laws
Top Reasons Homeowners Choose Cash Buyers in Tennessee Over Realtors,https://www.tennesseecashforhomes.com/post/top-reasons-homeowners-choose-cash-buyers-in-tennessee-over-realtors
How to Sell Your House Fast in Tennessee,https://www.tennesseecashforhomes.com/post/how-to-sell-your-house-fast-in-tennessee
The Hidden Costs of Selling Your Home the Traditional Way,https://www.tennesseecashforhomes.com/post/the-hidden-costs-of-selling-your-home-the-traditional-way
Top 5 Reasons Tennessee Homeowners Are Selling for Cash in 2025,https://www.tennesseecashforhomes.com/post/top-5-reasons-tennessee-homeowners-are-selling-for-cash-in-2025
Should I Sell My House Subject-To?,https://www.tennesseecashforhomes.com/post/should-i-sell-my-house-subject-to
"Why ""Cash For Homes"" Is the Easiest Way to Sell Your Property in Tennessee",https://www.tennesseecashforhomes.com/post/why-cash-for-homes-is-the-easiest-way-to-sell-your-property-in-tennessee
The Pros and Cons of Selling Your Home for Cash,https://www.tennesseecashforhomes.com/post/the-pros-and-cons-of-selling-your-home-for-cash
Understanding Owner Financing: A Unique Way to Sell Your Home,https://www.tennesseecashforhomes.com/post/understanding-owner-financing-a-unique-way-to-sell-your-home
Managing Properties with Large Liens,https://www.tennesseecashforhomes.com/post/managing-properties-with-large-liens
Behind on Mortgage Payments: A Homeowner's Guide,https://www.tennesseecashforhomes.com/post/behind-on-mortgage-payments-a-homeowner-s-guide
Navigating Bankruptcy: A Homeowner's Guide,https://www.tennesseecashforhomes.com/post/navigating-bankruptcy-a-homeowner-s-guide
Planning to Upgrade: A Guide for Homeowners,https://www.tennesseecashforhomes.com/post/planning-to-upgrade-a-guide-for-homeowners
Challenges of Needing to Relocate,https://www.tennesseecashforhomes.com/post/challenges-of-needing-to-relocate
Selling An Inherited Property For Cash,https://www.tennesseecashforhomes.com/post/selling-an-inherited-property-for-cash
Downsizing to a Smaller Home: A Comprehensive Guide,https://www.tennesseecashforhomes.com/post/downsizing-to-a-smaller-home-a-comprehensive-guide
Top 5 Reasons to Sell Your Home to a Cash Buyer in Tennessee,https://www.tennesseecashforhomes.com/post/top-5-reasons-to-sell-your-home-to-a-cash-buyer-in-tennessee
Navigating the Tennessee Real Estate Market: A Guide to Selling Your Home Fast,https://www.tennesseecashforhomes.com/post/navigating-the-tennessee-real-estate-market-a-guide-to-selling-your-home-fast
From Offer to Closing: The Timeline of a Cash Home Sale in Tennessee,https://www.tennesseecashforhomes.com/post/from-offer-to-closing-the-timeline-of-a-cash-home-sale-in-tennessee
High Interest Rates: Why Now is the Right Time to Sell Your Home,https://www.tennesseecashforhomes.com/post/high-interest-rates-why-now-is-the-right-time-to-sell-your-home
Selling a Distressed Property for Fast Cash: A Comprehensive Guide,https://www.tennesseecashforhomes.com/post/selling-a-distressed-property-for-fast-cash-a-comprehensive-guide
Why Selling Your House Quickly Might Be Your Best Option,https://www.tennesseecashforhomes.com/post/why-selling-your-house-quickly-might-be-your-best-option
Selling Your Home Without a Realtor in Tennessee: A Step-by-Step Guide,https://www.tennesseecashforhomes.com/post/selling-your-home-without-a-realtor-in-tennessee-a-step-by-step-guide
Understanding the Tennessee Real Estate Market: Trends and Predictions,https://www.tennesseecashforhomes.com/post/understanding-the-tennessee-real-estate-market-trends-and-predictions
How to Prepare for a Quick Home Sale in Tennessee,https://www.tennesseecashforhomes.com/post/how-to-prepare-for-a-quick-home-sale-in-tennessee
Renovating A House Tips To Increase Home Value in Tennessee,https://www.tennesseecashforhomes.com/post/renovating-a-house-tips-that-increase-home-value-in-tennessee
The Comprehensive Home Loan Guide for Future Homeowners in Tennessee,https://www.tennesseecashforhomes.com/post/the-comprehensive-home-loan-guide-for-future-homeowners-in-tennessee
Probate in Tennessee: Key Considerations and Steps,https://www.tennesseecashforhomes.com/post/navigating-probate-in-tennessee-a-simplified-guide
Simplify Tennessee Title Transfer for Cash Sales with Tennessee Cash For Homes,https://www.tennesseecashforhomes.com/post/tennessee-title-transfer-for-cash-sales
Understanding Residential Septic Systems: A Guide for Tennessee Homeowners,https://www.tennesseecashforhomes.com/post/understanding-residential-septic-systems-a-guide-for-tennessee-homeowners
The Silent Killer: Carbon Monoxide in Tennessee Homes,https://www.tennesseecashforhomes.com/post/the-silent-killer-carbon-monoxide-in-tennessee-homes
Mold in The Home: Understanding the Risks,https://www.tennesseecashforhomes.com/post/mold-in-the-home-understanding-the-risks
Radon in The House: The Invisible Threat in Tennessee Homes,https://www.tennesseecashforhomes.com/post/radon-in-the-house-the-invisible-threat-in-tennessee-homes
"Asbestos in Tennessee Homes: Risks, Removal, and How Tennessee Cash For Homes Can Help",https://www.tennesseecashforhomes.com/post/asbestos-in-tennessee-homes-risks-removal-and-how-tennessee-cash-for-homes-can-help
Lead Paint: Understanding the Risks and Taking Action,https://www.tennesseecashforhomes.com/post/lead-paint-understanding-the-risks-and-taking-action
The Difference Between Seller Financing and Subject-To: A Comprehensive Guide for Homeowner,https://www.tennesseecashforhomes.com/post/the-difference-between-seller-financing-and-subject-to-a-comprehensive-guide-for-homeowner
Subject-To Deals in Tennessee: A Comprehensive Guide,https://www.tennesseecashforhomes.com/post/subject-to-deals-in-tennessee-a-comprehensive-guide
"The Cost of Living in Clarksville, Tennessee",https://www.tennesseecashforhomes.com/post/the-cost-of-living-in-clarksville-tennessee
Navigating the Property Landscape: Insights into Clarksville's Real Estate Market,https://www.tennesseecashforhomes.com/post/navigating-the-property-landscape-insights-into-clarksville-s-real-estate-market
"Navigating the Financial Landscape: Understanding the Cost of Living in Murfreesboro, Tennessee",https://www.tennesseecashforhomes.com/post/navigating-the-financial-landscape-understanding-the-cost-of-living-in-murfreesboro-tennessee
How to Sell a House With Water Damage: A Guide for Tennessee Homeowners,https://www.tennesseecashforhomes.com/post/how-to-sell-a-house-with-water-damage-a-guide-for-tennessee-homeowners
Selling a Hoarder Home for Cash: A Step-by-Step Guide for Tennessee Homeowners,https://www.tennesseecashforhomes.com/post/selling-a-hoarder-home-for-cash-a-step-by-step-guide-for-tennessee-homeowners
Selling Your Fire-Damaged Home for Cash in Tennessee,https://www.tennesseecashforhomes.com/post/selling-your-fire-damaged-home-for-cash-in-tennessee
How Foreclosure Affects Your Credit Score and What to Do About It,https://www.tennesseecashforhomes.com/post/how-foreclosure-affects-your-credit-score-and-what-to-do-about-it
How to Sell a Home in Tennessee Fast: Tips for 2025,https://www.tennesseecashforhomes.com/post/how-to-sell-a-home-in-tennessee-fast-tips-for-2025
Why 2025 Is the Best Year to Sell Your Home with Tennessee Cash For Homes,https://www.tennesseecashforhomes.com/post/why-2025-is-the-best-year-to-sell-your-home-with-tennessee-cash-for-homes
Selling a House in Poor Condition: Unlocking the Value of "As-Is" Sales,https://www.tennesseecashforhomes.com/post/selling-a-house-in-poor-condition-unlocking-the-value-of-as-is-sales
Selling a House in Probate: A Complete Guide for Tennessee Homeowners,https://www.tennesseecashforhomes.com/post/selling-a-house-in-probate-a-complete-guide-for-tennessee-homeowners
Selling a Home with Code Violations: A Guide for Tennessee Homeowners,https://www.tennesseecashforhomes.com/post/selling-a-home-with-code-violations-a-guide-for-tennessee-homeowners
"How to Sell Your House Fast in Tennessee: Insider Tips for a Quick, Hassle-Free Sale",https://www.tennesseecashforhomes.com/post/how-to-sell-your-house-fast-in-tennessee-insider-tips-for-a-quick-hassle-free-sale
Selling a House with Foundation Issues in Tennessee: What Homeowners Need to Know,https://www.tennesseecashforhomes.com/post/selling-a-house-with-foundation-issues-in-tennessee-what-homeowners-need-to-know
The Emotional Side of Selling Your Home: What Tennessee Homeowners Should Know,https://www.tennesseecashforhomes.com/post/the-emotional-side-of-selling-your-home-what-tennessee-homeowners-should-know
"Selling a Vacant House in Tennessee: Challenges, Solutions, and How to Simplify the Process",https://www.tennesseecashforhomes.com/post/selling-a-vacant-house-in-tennessee-challenges-solutions-and-how-to-simplify-the-process
Selling Your Home Due to Financial Hardship: A Tennessee Homeowner's Guide,https://www.tennesseecashforhomes.com/post/selling-your-home-due-to-financial-hardship-a-tennessee-homeowner-s-guide
Selling Your Home in Tennessee: Understanding Market Trends and Cash Sale Benefits,https://www.tennesseecashforhomes.com/post/selling-your-home-in-tennessee-understanding-market-trends-and-cash-sale-benefits
Selling a House with Structural Damage in Tennessee: What Homeowners Need to Know,https://www.tennesseecashforhomes.com/post/selling-a-house-with-structural-damage-in-tennessee-what-homeowners-need-to-know
Selling a Rental Property with Problem Tenants in Tennessee: What Landlords Need to Know,https://www.tennesseecashforhomes.com/post/selling-a-rental-property-with-problem-tenants-in-tennessee-what-landlords-need-to-know
Navigating Tennessee's 2025 Property Tax Changes: What Homeowners Need to Know,https://www.tennesseecashforhomes.com/post/navigating-tennessee-s-2025-property-tax-changes-what-homeowners-need-to-know
Selling Your House in Tennessee in 2025: What Homeowners Need to Know for a Successful Sale,https://www.tennesseecashforhomes.com/post/selling-your-house-in-tennessee-in-2025-what-homeowners-need-to-know-for-a-successful-sale
Selling Your House for Cash in Tennessee: A Comprehensive Guide for 2025,https://www.tennesseecashforhomes.com/post/selling-your-house-for-cash-in-tennessee-a-comprehensive-guide-for-2025
What Happens When You Inherit a House With a Mortgage in Tennessee?,https://www.tennesseecashforhomes.com/post/what-happens-when-you-inherit-a-house-with-a-mortgage-in-tennessee
Navigating the 2025 Tennessee Real Estate Market: A Comprehensive Guide for Sellers,https://www.tennesseecashforhomes.com/post/navigating-the-2025-tennessee-real-estate-market-a-comprehensive-guide-for-sellers
What Happens When You Sell a Home in Pre-Foreclosure in Tennessee?,https://www.tennesseecashforhomes.com/post/what-happens-when-you-sell-a-home-in-pre-foreclosure-in-tennessee
Selling Your Tennessee Home for Cash: How the Seasons Impact Your Sale,https://www.tennesseecashforhomes.com/post/selling-your-tennessee-home-for-cash-how-the-seasons-impact-your-sale
Selling a House with Unpermitted Work in Tennessee: A Complete Guide to Your Options,https://www.tennesseecashforhomes.com/post/selling-a-house-with-unpermitted-work-in-tennessee-a-complete-guide-to-your-options
Selling a House After a Failed Inspection in Tennessee: Your Guide to Moving Forward,https://www.tennesseecashforhomes.com/post/selling-a-house-after-a-failed-inspection-in-tennessee-your-guide-to-moving-forward
How to Know When Selling Your Home for Cash Makes Sense in 2025,https://www.tennesseecashforhomes.com/post/how-to-know-when-selling-your-home-for-cash-makes-sense-in-2025
Is Selling Your Home for Cash a Good Idea? A Complete Guide for Tennessee Homeowners,https://www.tennesseecashforhomes.com/post/is-selling-your-home-for-cash-a-good-idea-a-complete-guide-for-tennessee-homeowners
Do I Have to Pay Taxes on Money Made from Selling My Home? A Guide for Tennessee Homeowners,https://www.tennesseecashforhomes.com/post/do-i-have-to-pay-taxes-on-money-made-from-selling-my-home-a-guide-for-tennessee-homeowners
What Not to Say When Selling a House: Avoid These Common Seller Mistakes,https://www.tennesseecashforhomes.com/post/what-not-to-say-when-selling-a-house-avoid-these-common-seller-mistakes
Zillow Is Lying About Your Home's Value The Zestimate Does Not Determine Your Home's Value,https://www.tennesseecashforhomes.com/post/zillow-is-lying-about-your-home-s-value-the-zestimate-does-not-determine-your-home-s-value
Tennessee Ice Storm Damage and What It Means for the Real Estate Market,https://www.tennesseecashforhomes.com/post/tennessee-ice-storm-damage-and-what-it-means-for-the-real-estate-market
